,Value,Feature
0,0,BUREAU_CREDIT_ACTIVE_Baddebt_MEAN
1,0,BUREAU_CREDIT_CURRENCY_currency4_MEAN
2,0,BUREAU_CREDIT_TYPE_Cashloannonearmarked_MEAN
3,0,BUREAU_CREDIT_TYPE_Interbankcredit_MEAN
4,0,BUREAU_CREDIT_TYPE_Loanforpurchaseofsharesmarginlending_MEAN
5,0,BUREAU_CREDIT_TYPE_Loanforthepurchaseofequipment_MEAN
6,0,BUREAU_CREDIT_TYPE_Mobileoperatorloan_MEAN
7,0,BUREAU_CREDIT_TYPE_Realestateloan_MEAN
8,0,CC_LATE_PAYMENT_MAX
9,0,FLAG_DOCUMENT_10
10,0,FLAG_DOCUMENT_12
11,0,FLAG_DOCUMENT_15
12,0,FLAG_DOCUMENT_17
13,0,FLAG_DOCUMENT_2
14,0,FLAG_DOCUMENT_4
15,0,FLAG_DOCUMENT_7
16,0,FLAG_MOBIL
17,0,NAME_FAMILY_STATUS_Unknown
18,0,NAME_INCOME_TYPE_Businessman
19,0,NAME_INCOME_TYPE_Maternityleave
20,0,NAME_INCOME_TYPE_Student
21,0,ORGANIZATION_TYPE_Culture
22,0,ORGANIZATION_TYPE_Industrytype10
23,0,ORGANIZATION_TYPE_Industrytype13
24,0,ORGANIZATION_TYPE_Industrytype6
25,0,ORGANIZATION_TYPE_Industrytype8
26,0,ORGANIZATION_TYPE_Religion
27,0,ORGANIZATION_TYPE_Tradetype5
28,0,POS_NAME_CONTRACT_STATUS_Amortizeddebt_MEAN
29,0,POS_NAME_CONTRACT_STATUS_Canceled_MEAN
30,0,POS_NAME_CONTRACT_STATUS_XNA_MEAN
31,0,PREV_NAME_CASH_LOAN_PURPOSE_Buyingagarage_MEAN
32,0,PREV_NAME_CASH_LOAN_PURPOSE_Moneyforathirdperson_MEAN
33,0,PREV_NAME_CASH_LOAN_PURPOSE_Refusaltonamethegoal_MEAN
34,0,PREV_NAME_GOODS_CATEGORY_Animals_MEAN
35,0,PREV_NAME_GOODS_CATEGORY_Education_MEAN
36,0,PREV_NAME_GOODS_CATEGORY_Fitness_MEAN
37,0,PREV_NAME_GOODS_CATEGORY_Weapon_MEAN
38,1,FLAG_DOCUMENT_20
39,1,NAME_TYPE_SUITE_Groupofpeople
40,1,ORGANIZATION_TYPE_Tradetype4
41,3,ORGANIZATION_TYPE_Tradetype6
42,3,ORGANIZATION_TYPE_Transporttype1
43,4,ORGANIZATION_TYPE_Industrytype2
44,4,PREV_CHANNEL_TYPE_Cardealer_MEAN
45,4,PREV_NAME_CASH_LOAN_PURPOSE_Hobby_MEAN
46,4,PREV_NAME_PORTFOLIO_Cars_MEAN
47,5,FLAG_DOCUMENT_19
48,5,NAME_INCOME_TYPE_Unemployed
49,5,ORGANIZATION_TYPE_Electricity
50,5,ORGANIZATION_TYPE_Tradetype1
51,6,ORGANIZATION_TYPE_Emergency
52,8,PREV_NAME_GOODS_CATEGORY_AdditionalService_MEAN
53,9,PREV_PRODUCT_COMBINATION_nan_MEAN
54,11,OCCUPATION_TYPE_Realtyagents
55,12,OCCUPATION_TYPE_ITstaff
56,12,ORGANIZATION_TYPE_Services
57,12,PREV_NAME_SELLER_INDUSTRY_Tourism_MEAN
58,13,NAME_TYPE_SUITE_Other_A
59,13,OCCUPATION_TYPE_HRstaff
60,13,ORGANIZATION_TYPE_Mobile
61,14,FLAG_DOCUMENT_11
62,15,PREV_NAME_CASH_LOAN_PURPOSE_Businessdevelopment_MEAN
63,15,PREV_NAME_CASH_LOAN_PURPOSE_Buyingahome_MEAN
64,15,PREV_NAME_SELLER_INDUSTRY_MLMpartners_MEAN
65,16,CC_DRAWING_LIMIT_RATIO_MIN
66,16,ORGANIZATION_TYPE_Hotel
67,17,FLAG_DOCUMENT_21
68,17,ORGANIZATION_TYPE_Insurance
69,17,ORGANIZATION_TYPE_Tradetype2
70,18,WALLSMATERIAL_MODE_Wooden
71,19,HOUSETYPE_MODE_terracedhouse
72,19,PREV_CODE_REJECT_REASON_SYSTEM_MEAN
73,20,FLAG_DOCUMENT_9
74,20,FONDKAPREMONT_MODE_regoperspecaccount
75,21,NAME_TYPE_SUITE_nan
76,21,ORGANIZATION_TYPE_Industrytype5
77,21,ORGANIZATION_TYPE_Transporttype2
78,24,CC_SK_DPD_DEF_MAX
79,24,OCCUPATION_TYPE_Secretaries
80,24,WALLSMATERIAL_MODE_Mixed
81,25,BUREAU_CREDIT_TYPE_Unknowntypeofloan_MEAN
82,26,ORGANIZATION_TYPE_Agriculture
83,26,ORGANIZATION_TYPE_University
84,26,WALLSMATERIAL_MODE_Monolithic
85,27,ORGANIZATION_TYPE_Housing
86,27,ORGANIZATION_TYPE_Industrytype7
87,27,ORGANIZATION_TYPE_Postal
88,27,PREV_NAME_GOODS_CATEGORY_Insurance_MEAN
89,28,BUREAU_CREDIT_CURRENCY_currency2_MEAN
90,28,ORGANIZATION_TYPE_Telecom
91,28,REG_REGION_NOT_LIVE_REGION
92,29,ORGANIZATION_TYPE_Industrytype1
93,30,BUREAU_CREDIT_CURRENCY_currency3_MEAN
94,31,BUREAU_CREDIT_CURRENCY_currency1_MEAN
95,31,ORGANIZATION_TYPE_XNA
96,31,PREV_NAME_PAYMENT_TYPE_Cashlessfromtheaccountoftheemployer_MEAN
97,31,WALLSMATERIAL_MODE_Block
98,34,FLAG_DOCUMENT_14
99,34,ORGANIZATION_TYPE_Cleaning
100,34,ORGANIZATION_TYPE_Industrytype4
101,35,OCCUPATION_TYPE_Privateservicestaff
102,36,FLAG_EMP_PHONE
103,36,ORGANIZATION_TYPE_Advertising
104,37,FLAG_CONT_MOBILE
105,37,NAME_INCOME_TYPE_Pensioner
106,38,FONDKAPREMONT_MODE_orgspecaccount
107,38,NAME_HOUSING_TYPE_Coopapartment
108,38,OCCUPATION_TYPE_Managers
109,38,ORGANIZATION_TYPE_Security
110,39,BUREAU_CREDIT_TYPE_Loanforbusinessdevelopment_MEAN
111,39,OCCUPATION_TYPE_Cookingstaff
112,40,PREV_NAME_CONTRACT_TYPE_XNA_MEAN
113,41,FONDKAPREMONT_MODE_notspecified
114,41,PREV_NAME_CASH_LOAN_PURPOSE_Purchaseofelectronicequipment_MEAN
115,42,HOUSETYPE_MODE_nan
116,42,ORGANIZATION_TYPE_Government
117,43,CC_AMT_PAYMENT_TOTAL_CURRENT_MIN
118,43,FLAG_DOCUMENT_13
119,43,ORGANIZATION_TYPE_BusinessEntityType1
120,43,ORGANIZATION_TYPE_Industrytype11
121,43,PREV_NAME_CASH_LOAN_PURPOSE_Buyingaholidayhomeland_MEAN
122,44,ORGANIZATION_TYPE_Industrytype12
123,44,PREV_NAME_CASH_LOAN_PURPOSE_Journey_MEAN
124,47,ORGANIZATION_TYPE_BusinessEntityType2
125,48,EMERGENCYSTATE_MODE_Yes
126,48,EMERGENCYSTATE_MODE_nan
127,48,NAME_EDUCATION_TYPE_Academicdegree
128,49,BUREAU_CREDIT_TYPE_Loanforworkingcapitalreplenishment_MEAN
129,49,EMERGENCYSTATE_MODE_No
130,49,PREV_NAME_GOODS_CATEGORY_Tourism_MEAN
131,50,FLAG_DOCUMENT_5
132,50,FONDKAPREMONT_MODE_regoperaccount
133,50,HOUSETYPE_MODE_blockofflats
134,51,NAME_TYPE_SUITE_Other_B
135,52,NAME_CONTRACT_TYPE_Revolvingloans
136,53,FLAG_EMAIL
137,53,ORGANIZATION_TYPE_Other
138,53,ORGANIZATION_TYPE_Police
139,53,ORGANIZATION_TYPE_SecurityMinistries
140,54,WALLSMATERIAL_MODE_nan
141,56,ELEVATORS_MEDI
142,56,ORGANIZATION_TYPE_Kindergarten
143,56,POS_NAME_CONTRACT_STATUS_Demand_MEAN
144,56,PREV_FLAG_LAST_APPL_PER_CONTRACT_N_MEAN
145,57,NAME_FAMILY_STATUS_Widow
146,58,FONDKAPREMONT_MODE_nan
147,59,CC_SK_DPD_DEF_SUM
148,59,ORGANIZATION_TYPE_Medicine
149,59,PREV_NAME_CASH_LOAN_PURPOSE_Everydayexpenses_MEAN
150,60,ORGANIZATION_TYPE_Tradetype3
151,62,ORGANIZATION_TYPE_LegalServices
152,63,LIVE_REGION_NOT_WORK_REGION
153,63,ORGANIZATION_TYPE_Bank
154,63,PREV_NAME_TYPE_SUITE_Groupofpeople_MEAN
155,64,WALLSMATERIAL_MODE_Others
156,65,CC_AMT_RECIVABLE_SUM
157,65,CC_SK_DPD_MAX
158,65,ORGANIZATION_TYPE_Restaurant
159,65,PREV_NAME_CASH_LOAN_PURPOSE_Buyinganewcar_MEAN
160,66,REG_REGION_NOT_WORK_REGION
161,67,FLAG_DOCUMENT_8
162,67,NAME_HOUSING_TYPE_Withparents
163,67,OCCUPATION_TYPE_Highskilltechstaff
164,67,PREV_NAME_CASH_LOAN_PURPOSE_Weddinggiftholiday_MEAN
165,68,AMT_REQ_CREDIT_BUREAU_HOUR
166,68,FLAG_OWN_REALTY_N
167,68,OCCUPATION_TYPE_Securitystaff
168,68,ORGANIZATION_TYPE_Transporttype4
169,69,CC_AMT_TOTAL_RECEIVABLE_MIN
170,69,WEEKDAY_APPR_PROCESS_START_SUNDAY
171,70,NAME_TYPE_SUITE_Family
172,70,PREV_NAME_CASH_LOAN_PURPOSE_Gasificationwatersupply_MEAN
173,71,PREV_NAME_CASH_LOAN_PURPOSE_Carrepairs_MEAN
174,72,NAME_TYPE_SUITE_Spousepartner
175,72,PREV_CODE_REJECT_REASON_CLIENT_MEAN
176,74,PREV_FLAG_LAST_APPL_PER_CONTRACT_Y_MEAN
177,75,CC_SK_DPD_VAR
178,75,FLAG_OWN_REALTY_Y
179,75,OCCUPATION_TYPE_LowskillLaborers
180,76,BUREAU_CREDIT_TYPE_Anothertypeofloan_MEAN
181,78,ORGANIZATION_TYPE_Tradetype7
182,80,PREV_NAME_CLIENT_TYPE_XNA_MEAN
183,82,AMT_REQ_CREDIT_BUREAU_DAY
184,82,NAME_TYPE_SUITE_Children
185,83,CC_AMT_INST_MIN_REGULARITY_MIN
186,83,HOUSETYPE_MODE_specifichousing
187,84,PREV_NAME_CASH_LOAN_PURPOSE_Education_MEAN
188,85,OCCUPATION_TYPE_Waitersbarmenstaff
189,86,NAME_EDUCATION_TYPE_Incompletehigher
190,88,NAME_HOUSING_TYPE_Rentedapartment
191,88,PREV_NAME_CASH_LOAN_PURPOSE_Buyingausedcar_MEAN
192,89,WEEKDAY_APPR_PROCESS_START_FRIDAY
193,91,NAME_TYPE_SUITE_Unaccompanied
194,94,CC_AMT_RECEIVABLE_PRINCIPAL_SUM
195,94,PREV_NAME_SELLER_INDUSTRY_Jewelry_MEAN
196,95,FLAG_DOCUMENT_6
197,96,PREV_NAME_GOODS_CATEGORY_OfficeAppliances_MEAN
198,97,OCCUPATION_TYPE_Cleaningstaff
199,97,PREV_NAME_GOODS_CATEGORY_DirectSales_MEAN
200,98,ELEVATORS_MODE
201,98,PREV_PRODUCT_COMBINATION_POSotherswithoutinterest_MEAN
202,99,CC_LATE_PAYMENT_SUM
203,99,PREV_NAME_CASH_LOAN_PURPOSE_Paymentsonotherloans_MEAN
204,99,REG_CITY_NOT_WORK_CITY
205,100,PREV_NAME_GOODS_CATEGORY_MedicalSupplies_MEAN
206,100,PREV_NAME_GOODS_CATEGORY_Other_MEAN
207,103,FLAG_DOCUMENT_16
208,103,OCCUPATION_TYPE_Accountants
209,103,PREV_NAME_CASH_LOAN_PURPOSE_Furniture_MEAN
210,104,NAME_HOUSING_TYPE_Officeapartment
211,104,ORGANIZATION_TYPE_Industrytype3
212,104,WEEKDAY_APPR_PROCESS_START_SATURDAY
213,106,CC_SK_DPD_SUM
214,106,WEEKDAY_APPR_PROCESS_START_THURSDAY
215,107,CC_AMT_DRAWINGS_OTHER_CURRENT_MEAN
216,107,FLOORSMIN_MEDI
217,107,PREV_NAME_GOODS_CATEGORY_Gardening_MEAN
218,107,WALLSMATERIAL_MODE_Stonebrick
219,108,PREV_CODE_REJECT_REASON_XNA_MEAN
220,109,NAME_FAMILY_STATUS_Separated
221,110,NAME_HOUSING_TYPE_Municipalapartment
222,111,BUREAU_CNT_CREDIT_PROLONG_SUM
223,111,NAME_INCOME_TYPE_Commercialassociate
224,114,OCCUPATION_TYPE_nan
225,116,CC_AMT_RECIVABLE_MEAN
226,116,CC_SK_DPD_MEAN
227,117,NAME_EDUCATION_TYPE_Lowersecondary
228,117,NAME_FAMILY_STATUS_Civilmarriage
229,120,CC_CNT_INSTALMENT_MATURE_CUM_MAX
230,121,LIVE_CITY_NOT_WORK_CITY
231,124,ORGANIZATION_TYPE_Realtor
232,125,CC_CNT_DRAWINGS_OTHER_CURRENT_MEAN
233,125,NONLIVINGAPARTMENTS_MEDI
234,126,ORGANIZATION_TYPE_Industrytype9
235,127,OCCUPATION_TYPE_Salesstaff
236,129,AMT_REQ_CREDIT_BUREAU_WEEK
237,130,NAME_FAMILY_STATUS_Singlenotmarried
238,130,OCCUPATION_TYPE_Medicinestaff
239,131,NAME_HOUSING_TYPE_Houseapartment
240,132,CC_AMT_RECEIVABLE_PRINCIPAL_MEAN
241,135,BUREAU_STATUS_4_MEAN_MEAN
242,136,BUREAU_STATUS_5_MEAN_MEAN
243,136,PREV_CODE_REJECT_REASON_VERIF_MEAN
244,138,WALLSMATERIAL_MODE_Panel
245,139,CC_AMT_RECIVABLE_MAX
246,139,ORGANIZATION_TYPE_School
247,141,CC_AMT_RECEIVABLE_PRINCIPAL_MIN
248,141,ELEVATORS_AVG
249,141,FLAG_DOCUMENT_18
250,141,PREV_NAME_CASH_LOAN_PURPOSE_Medicine_MEAN
251,142,CC_AMT_DRAWINGS_OTHER_CURRENT_MAX
252,142,FLOORSMIN_MODE
253,144,CC_AMT_BALANCE_SUM
254,144,CC_SK_DPD_DEF_VAR
255,145,PREV_NAME_CASH_LOAN_PURPOSE_Buildingahouseoranannex_MEAN
256,147,PREV_NAME_GOODS_CATEGORY_Medicine_MEAN
257,148,PREV_NAME_GOODS_CATEGORY_SportandLeisure_MEAN
258,150,WEEKDAY_APPR_PROCESS_START_MONDAY
259,151,ORGANIZATION_TYPE_Military
260,153,BUREAU_STATUS_3_MEAN_MEAN
261,153,NAME_INCOME_TYPE_Stateservant
262,155,WEEKDAY_APPR_PROCESS_START_WEDNESDAY
263,156,PREV_NAME_PAYMENT_TYPE_Noncashfromyouraccount_MEAN
264,159,CC_AMT_DRAWINGS_OTHER_CURRENT_VAR
265,159,FLAG_PHONE
266,161,PREV_CHANNEL_TYPE_Channelofcorporatesales_MEAN
267,163,PREV_NAME_SELLER_INDUSTRY_Clothing_MEAN
268,163,WEEKDAY_APPR_PROCESS_START_TUESDAY
269,164,CC_AMT_DRAWINGS_POS_CURRENT_MEAN
270,164,CC_AMT_RECEIVABLE_PRINCIPAL_MAX
271,165,PREV_NAME_GOODS_CATEGORY_Jewelry_MEAN
272,166,PREV_NAME_GOODS_CATEGORY_Vehicles_MEAN
273,170,CC_MONTHS_BALANCE_MIN
274,172,CC_AMT_RECIVABLE_VAR
275,175,PREV_NAME_GOODS_CATEGORY_Homewares_MEAN
276,176,CC_CNT_DRAWINGS_OTHER_CURRENT_VAR
277,180,CC_AMT_BALANCE_MAX
278,184,CC_AMT_BALANCE_MEAN
279,184,OCCUPATION_TYPE_Corestaff
280,185,CC_AMT_INST_MIN_REGULARITY_MEAN
281,185,CC_CNT_DRAWINGS_ATM_CURRENT_MAX
282,185,FLOORSMAX_MEDI
283,186,AMT_REQ_CREDIT_BUREAU_MON
284,186,PREV_PRODUCT_COMBINATION_POSindustrywithoutinterest_MEAN
285,192,CC_CNT_DRAWINGS_POS_CURRENT_SUM
286,193,BUREAU_STATUS_2_MEAN_MEAN
287,193,CC_AMT_RECEIVABLE_PRINCIPAL_VAR
288,193,CNT_CHILDREN
289,194,CC_COUNT
290,197,CC_AMT_INST_MIN_REGULARITY_MAX
291,198,POS_NAME_CONTRACT_STATUS_Approved_MEAN
292,201,NAME_CONTRACT_TYPE_Cashloans
293,202,CC_CNT_INSTALMENT_MATURE_CUM_SUM
294,204,CC_AMT_CREDIT_LIMIT_ACTUAL_MIN
295,204,INSTAL_SK_ID_PREV_NUNIQUE
296,205,PREV_NAME_SELLER_INDUSTRY_Autotechnology_MEAN
297,206,ENTRANCES_MEDI
298,207,CC_AMT_DRAWINGS_POS_CURRENT_VAR
299,208,CC_AMT_INST_MIN_REGULARITY_SUM
300,209,PREV_NAME_SELLER_INDUSTRY_Industry_MEAN
301,212,ORGANIZATION_TYPE_Transporttype3
302,214,FLOORSMAX_MODE
303,215,PREV_NAME_GOODS_CATEGORY_ClothingandAccessories_MEAN
304,217,CC_AMT_PAYMENT_TOTAL_CURRENT_MAX
305,217,ENTRANCES_MODE
306,217,NONLIVINGAPARTMENTS_AVG
307,218,OCCUPATION_TYPE_Laborers
308,219,CC_AMT_BALANCE_MIN
309,221,NONLIVINGAPARTMENTS_MODE
310,224,CC_CNT_DRAWINGS_POS_CURRENT_MAX
311,226,PREV_NAME_CASH_LOAN_PURPOSE_Other_MEAN
312,227,ORGANIZATION_TYPE_Construction
313,228,PREV_NAME_GOODS_CATEGORY_AutoAccessories_MEAN
314,230,CC_AMT_PAYMENT_TOTAL_CURRENT_SUM
315,230,PREV_PRODUCT_COMBINATION_POSotherwithinterest_MEAN
316,231,BUREAU_MONTHS_BALANCE_MAX_MAX
317,231,CC_MONTHS_BALANCE_MEAN
318,234,REGION_RATING_CLIENT
319,235,CC_AMT_CREDIT_LIMIT_ACTUAL_MAX
320,235,CC_AMT_DRAWINGS_POS_CURRENT_MAX
321,235,CC_CNT_INSTALMENT_MATURE_CUM_VAR
322,235,ORGANIZATION_TYPE_BusinessEntityType3
323,240,PREV_NAME_CASH_LOAN_PURPOSE_XAP_MEAN
324,242,CC_AMT_DRAWINGS_CURRENT_MAX
325,243,CC_AMT_DRAWINGS_CURRENT_VAR
326,243,CC_AMT_PAYMENT_TOTAL_CURRENT_VAR
327,243,CC_CNT_DRAWINGS_ATM_CURRENT_SUM
328,244,CC_AMT_DRAWINGS_CURRENT_SUM
329,244,CC_MONTHS_BALANCE_VAR
330,244,CC_SK_DPD_DEF_MEAN
331,247,CC_AMT_DRAWINGS_ATM_CURRENT_MAX
332,254,CC_AMT_DRAWINGS_CURRENT_MEAN
333,255,OCCUPATION_TYPE_Drivers
334,256,PREV_NAME_CASH_LOAN_PURPOSE_Urgentneeds_MEAN
335,257,CC_AMT_DRAWINGS_ATM_CURRENT_VAR
336,259,PREV_NAME_CONTRACT_TYPE_Consumerloans_MEAN
337,262,PREV_NAME_TYPE_SUITE_Other_B_MEAN
338,265,FLAG_OWN_CAR_N
339,266,PREV_NAME_GOODS_CATEGORY_XNA_MEAN
340,268,PREV_NAME_CONTRACT_TYPE_Cashloans_MEAN
341,274,CC_AMT_INST_MIN_REGULARITY_VAR
342,275,CC_AMT_BALANCE_VAR
343,276,YEARS_BUILD_MEDI
344,277,CC_CNT_INSTALMENT_MATURE_CUM_MEAN
345,277,CC_DRAWING_LIMIT_RATIO_MAX
346,277,FLOORSMAX_AVG
347,284,PREV_PRODUCT_COMBINATION_POSmobilewithoutinterest_MEAN
348,285,PREV_NAME_CONTRACT_TYPE_Revolvingloans_MEAN
349,287,CC_CNT_DRAWINGS_POS_CURRENT_VAR
350,289,CC_DRAWING_LIMIT_RATIO_SUM
351,289,FLAG_OWN_CAR_Y
352,291,CC_AMT_DRAWINGS_POS_CURRENT_SUM
353,294,PREV_NAME_CASH_LOAN_PURPOSE_Repairs_MEAN
354,298,FLOORSMIN_AVG
355,300,PREV_PRODUCT_COMBINATION_CardXSell_MEAN
356,302,PREV_NAME_SELLER_INDUSTRY_Construction_MEAN
357,303,PREV_NAME_PORTFOLIO_Cards_MEAN
358,309,CC_AMT_PAYMENT_CURRENT_MIN
359,313,CC_CNT_DRAWINGS_CURRENT_MAX
360,313,NAME_INCOME_TYPE_Working
361,314,CC_CNT_DRAWINGS_CURRENT_SUM
362,314,REG_CITY_NOT_LIVE_CITY
363,315,CNT_FAM_MEMBERS
364,317,PREV_NAME_TYPE_SUITE_Other_A_MEAN
365,324,BUREAU_CREDIT_ACTIVE_Sold_MEAN
366,325,CC_AMT_RECIVABLE_MIN
367,327,POS_SK_ID_PREV_NUNIQUE
368,327,PREV_NAME_CONTRACT_STATUS_Unusedoffer_MEAN
369,328,CC_AMT_PAYMENT_TOTAL_CURRENT_MEAN
370,328,PREV_NAME_TYPE_SUITE_Children_MEAN
371,329,CC_AMT_DRAWINGS_ATM_CURRENT_SUM
372,329,LIVINGAPARTMENTS_MEDI
373,330,PREV_NAME_SELLER_INDUSTRY_Furniture_MEAN
374,332,PREV_NAME_PORTFOLIO_POS_MEAN
375,333,PREV_PRODUCT_COMBINATION_CardStreet_MEAN
376,334,CC_AMT_PAYMENT_CURRENT_SUM
377,340,NAME_EDUCATION_TYPE_Secondarysecondaryspecial
378,344,CC_AMT_DRAWINGS_ATM_CURRENT_MEAN
379,349,PREV_PRODUCT_COMBINATION_CashStreetmiddle_MEAN
380,351,ENTRANCES_AVG
381,358,PREV_CODE_REJECT_REASON_SCO_MEAN
382,359,INSTAL_PAYMENT_PERC_MAX
383,360,AMT_REQ_CREDIT_BUREAU_QRT
384,361,PREV_CODE_REJECT_REASON_SCOFR_MEAN
385,371,ORGANIZATION_TYPE_Selfemployed
386,373,PREV_NAME_GOODS_CATEGORY_ConstructionMaterials_MEAN
387,373,PREV_NAME_GOODS_CATEGORY_PhotoCinemaEquipment_MEAN
388,374,YEARS_BUILD_AVG
389,375,CC_AMT_PAYMENT_CURRENT_MAX
390,375,CC_DRAWING_LIMIT_RATIO_VAR
391,375,NONLIVINGAREA_MEDI
392,381,BUREAU_CREDIT_TYPE_Carloan_MEAN
393,383,CC_CNT_DRAWINGS_POS_CURRENT_MEAN
394,384,PREV_NAME_GOODS_CATEGORY_Furniture_MEAN
395,389,POS_NAME_CONTRACT_STATUS_Returnedtothestore_MEAN
396,390,COMMONAREA_MEDI
397,392,COMMONAREA_AVG
398,392,PREV_NAME_SELLER_INDUSTRY_XNA_MEAN
399,394,CC_AMT_PAYMENT_CURRENT_VAR
400,402,LIVINGAPARTMENTS_AVG
401,403,DEF_60_CNT_SOCIAL_CIRCLE
402,405,FLAG_DOCUMENT_3
403,407,YEARS_BUILD_MODE
404,415,PREV_CHANNEL_TYPE_Contactcenter_MEAN
405,418,CC_AMT_CREDIT_LIMIT_ACTUAL_MEAN
406,421,PREV_DAYS_FIRST_DRAWING_MEAN
407,421,PREV_NAME_TYPE_SUITE_Spousepartner_MEAN
408,424,PREV_PRODUCT_COMBINATION_POShouseholdwithoutinterest_MEAN
409,430,FLAG_WORK_PHONE
410,430,PREV_CHANNEL_TYPE_RegionalLocal_MEAN
411,434,BASEMENTAREA_MEDI
412,434,PREV_NAME_CONTRACT_STATUS_Canceled_MEAN
413,448,PREV_NAME_PORTFOLIO_XNA_MEAN
414,449,PREV_NAME_GOODS_CATEGORY_ConsumerElectronics_MEAN
415,455,PREV_PRODUCT_COMBINATION_CashStreetlow_MEAN
416,463,BUREAU_CREDIT_TYPE_Mortgage_MEAN
417,465,PREV_NAME_CLIENT_TYPE_Repeater_MEAN
418,467,PREV_NAME_PRODUCT_TYPE_XNA_MEAN
419,470,PREV_NAME_CASH_LOAN_PURPOSE_XNA_MEAN
420,471,APARTMENTS_MEDI
421,471,PREV_PRODUCT_COMBINATION_POSindustrywithinterest_MEAN
422,473,LIVINGAPARTMENTS_MODE
423,474,CODE_GENDER_M
424,474,NONLIVINGAREA_MODE
425,479,COMMONAREA_MODE
426,482,NAME_EDUCATION_TYPE_Highereducation
427,486,AMT_REQ_CREDIT_BUREAU_YEAR
428,488,PREV_PRODUCT_COMBINATION_POSmobilewithinterest_MEAN
429,490,PREV_PRODUCT_COMBINATION_Cash_MEAN
430,491,CC_PAYMENT_DIV_MIN_MEAN
431,493,APARTMENTS_AVG
432,494,PREV_NAME_PRODUCT_TYPE_walkin_MEAN
433,507,PREV_NAME_PORTFOLIO_Cash_MEAN
434,510,PREV_NAME_CLIENT_TYPE_Refreshed_MEAN
435,512,CC_CNT_DRAWINGS_CURRENT_MEAN
436,512,LANDAREA_MEDI
437,513,PREV_NAME_GOODS_CATEGORY_Computers_MEAN
438,513,PREV_PRODUCT_COMBINATION_CashStreethigh_MEAN
439,515,BASEMENTAREA_AVG
440,515,PREV_NAME_GOODS_CATEGORY_Mobile_MEAN
441,519,NONLIVINGAREA_AVG
442,520,POS_SK_DPD_MAX
443,521,LIVINGAREA_AVG
444,525,CC_AMT_PAYMENT_CURRENT_MEAN
445,526,CODE_GENDER_F
446,529,CC_CNT_DRAWINGS_ATM_CURRENT_VAR
447,529,CC_CNT_DRAWINGS_CURRENT_VAR
448,529,LIVINGAREA_MEDI
449,530,OBS_60_CNT_SOCIAL_CIRCLE
450,530,PREV_NAME_PAYMENT_TYPE_Cashthroughthebank_MEAN
451,538,PREV_NAME_YIELD_GROUP_XNA_MEAN
452,540,POS_SK_DPD_DEF_MAX
453,543,CC_DRAWING_LIMIT_RATIO_MEAN
454,545,PREV_CODE_REJECT_REASON_LIMIT_MEAN
455,545,REGION_RATING_CLIENT_W_CITY
456,546,CC_AMT_CREDIT_LIMIT_ACTUAL_SUM
457,548,CC_PAYMENT_DIV_MIN_MIN
458,549,APARTMENTS_MODE
459,552,DEF_30_CNT_SOCIAL_CIRCLE
460,553,PREV_CNT_PAYMENT_MAX
461,555,PREV_NAME_CLIENT_TYPE_New_MEAN
462,557,PREV_NAME_PRODUCT_TYPE_xsell_MEAN
463,567,YEARS_BEGINEXPLUATATION_AVG
464,578,BASEMENTAREA_MODE
465,578,NAME_FAMILY_STATUS_Married
466,586,PREV_CHANNEL_TYPE_APCashloan_MEAN
467,589,CC_AMT_CREDIT_LIMIT_ACTUAL_VAR
468,589,PREV_AMT_GOODS_PRICE_MAX
469,594,PREV_NAME_SELLER_INDUSTRY_Consumerelectronics_MEAN
470,595,PREV_NAME_PAYMENT_TYPE_XNA_MEAN
471,603,LANDAREA_AVG
472,603,OBS_30_CNT_SOCIAL_CIRCLE
473,606,YEARS_BEGINEXPLUATATION_MEDI
474,611,PREV_PRODUCT_COMBINATION_CashXSellhigh_MEAN
475,611,YEARS_BEGINEXPLUATATION_MODE
476,614,PREV_AMT_APPLICATION_MIN
477,614,PREV_NAME_GOODS_CATEGORY_AudioVideo_MEAN
478,617,PREV_CODE_REJECT_REASON_XAP_MEAN
479,618,CC_LIMIT_USE_MEAN
480,618,PREV_CHANNEL_TYPE_Creditandcashoffices_MEAN
481,623,PREV_PRODUCT_COMBINATION_POShouseholdwithinterest_MEAN
482,624,PREV_CHANNEL_TYPE_Stone_MEAN
483,625,POS_SK_DPD_MEAN
484,635,BUREAU_MONTHS_BALANCE_MIN_MIN
485,641,PREV_WEEKDAY_APPR_PROCESS_START_SUNDAY_MEAN
486,642,PREV_RATE_DOWN_PAYMENT_MIN
487,645,PREV_AMT_DOWN_PAYMENT_MIN
488,650,PREV_DAYS_FIRST_DRAWING_MAX
489,656,PREV_HOUR_APPR_PROCESS_START_MIN
490,659,PREV_NAME_SELLER_INDUSTRY_Connectivity_MEAN
491,662,PREV_AMT_APPLICATION_MAX
492,668,PREV_NAME_TYPE_SUITE_Family_MEAN
493,668,PREV_NAME_YIELD_GROUP_low_action_MEAN
494,673,PREV_PRODUCT_COMBINATION_CashXSelllow_MEAN
495,677,PREV_PRODUCT_COMBINATION_CashXSellmiddle_MEAN
496,681,BUREAU_AMT_CREDIT_SUM_OVERDUE_MEAN
497,682,LANDAREA_MODE
498,688,LIVINGAREA_MODE
499,692,PREV_WEEKDAY_APPR_PROCESS_START_WEDNESDAY_MEAN
500,693,BUREAU_AMT_ANNUITY_MEAN
501,694,PREV_WEEKDAY_APPR_PROCESS_START_SATURDAY_MEAN
502,696,PREV_CHANNEL_TYPE_Countrywide_MEAN
503,696,PREV_WEEKDAY_APPR_PROCESS_START_TUESDAY_MEAN
504,709,PREV_CODE_REJECT_REASON_HC_MEAN
505,718,BUREAU_STATUS_1_MEAN_MEAN
506,723,BUREAU_CREDIT_ACTIVE_Active_MEAN
507,738,BUREAU_AMT_ANNUITY_MAX
508,744,PREV_DAYS_FIRST_DUE_MIN
509,757,PREV_AMT_CREDIT_MIN
510,758,BUREAU_CREDIT_TYPE_Microloan_MEAN
511,762,POS_MONTHS_BALANCE_MIN
512,764,PREV_WEEKDAY_APPR_PROCESS_START_FRIDAY_MEAN
513,773,PREV_NAME_YIELD_GROUP_low_normal_MEAN
514,776,POS_NAME_CONTRACT_STATUS_Signed_MEAN
515,779,BUREAU_STATUS_X_MEAN_MEAN
516,782,CC_CNT_DRAWINGS_ATM_CURRENT_MEAN
517,813,INSTAL_PAYMENT_DIFF_VAR
518,820,BUREAU_CREDIT_ACTIVE_Closed_MEAN
519,823,INSTAL_SK_ID_PREV_SIZE
520,836,BUREAU_CREDIT_TYPE_Consumercredit_MEAN
521,838,BUREAU_AMT_CREDIT_SUM_LIMIT_SUM
522,851,BUREAU_CREDIT_TYPE_Creditcard_MEAN
523,870,PREV_NAME_TYPE_SUITE_Unaccompanied_MEAN
524,874,PREV_NAME_YIELD_GROUP_middle_MEAN
525,884,PREV_DAYS_DECISION_MIN
526,884,PREV_WEEKDAY_APPR_PROCESS_START_MONDAY_MEAN
527,891,BUREAU_AMT_CREDIT_SUM_LIMIT_MEAN
528,906,PREV_NAME_TYPE_SUITE_nan_MEAN
529,912,CC_LIMIT_USE_MAX
530,916,PREV_NAME_CONTRACT_STATUS_Approved_MEAN
531,922,BUREAU_STATUS_C_MEAN_MEAN
532,924,PREV_HOUR_APPR_PROCESS_START_MAX
533,926,PREV_RATE_DOWN_PAYMENT_MAX
534,931,INSTAL_PAYMENT_PERC_VAR
535,951,PREV_WEEKDAY_APPR_PROCESS_START_THURSDAY_MEAN
536,951,TOTALAREA_MODE
537,964,PREV_AMT_APPLICATION_MEAN
538,985,PREV_AMT_GOODS_PRICE_MEAN
539,990,PREV_RATE_DOWN_PAYMENT_MEAN
540,1012,PREV_APP_CREDIT_DIFF_MIN
541,1015,BUREAU_STATUS_0_MEAN_MEAN
542,1031,PREV_AMT_CREDIT_MAX
543,1031,PREV_AMT_DOWN_PAYMENT_MEAN
544,1032,INSTAL_PAYMENT_PERC_SUM
545,1050,INSTAL_DBD_VAR
546,1062,PREV_AMT_CREDIT_MEAN
547,1064,PREV_NAME_YIELD_GROUP_high_MEAN
548,1066,POS_MONTHS_BALANCE_MAX
549,1074,BUREAU_MONTHS_BALANCE_SIZE_MEAN
550,1093,BUREAU_MONTHS_BALANCE_SIZE_SUM
551,1120,PREV_NAME_CONTRACT_STATUS_Refused_MEAN
552,1123,POS_MONTHS_BALANCE_MEAN
553,1131,INSTAL_PAYMENT_DIFF_SUM
554,1136,POS_SK_DPD_DEF_MEAN
555,1156,PREV_DAYS_FIRST_DUE_MEAN
556,1187,BUREAU_AMT_CREDIT_SUM_DEBT_MAX
557,1194,POS_NAME_CONTRACT_STATUS_Active_MEAN
558,1198,INSTAL_DAYS_ENTRY_PAYMENT_MIN
559,1205,INSTAL_DBD_SUM
560,1215,BUREAU_AMT_CREDIT_MAX_OVERDUE_MAX
561,1219,POS_NAME_CONTRACT_STATUS_Completed_MEAN
562,1222,HOUR_APPR_PROCESS_START
563,1224,PREV_CNT_PAYMENT_SUM
564,1238,INSTAL_AMT_INSTALMENT_MEAN
565,1241,PREV_APP_CREDIT_PERC_MAX
566,1243,INSTAL_DBD_MEAN
567,1248,INSTAL_PAYMENT_DIFF_MAX
568,1263,PREV_APP_CREDIT_DIFF_MEAN
569,1264,BUREAU_AMT_CREDIT_MAX_OVERDUE_MEAN
570,1269,PREV_DAYS_LAST_DUE_1ST_VERSION_MIN
571,1272,INSTAL_AMT_PAYMENT_MAX
572,1274,PREV_APP_CREDIT_DIFF_VAR
573,1287,PREV_AMT_ANNUITY_MAX
574,1293,OWN_CAR_AGE
575,1298,INSTAL_DPD_MEAN
576,1339,PREV_AMT_DOWN_PAYMENT_MAX
577,1343,INSTAL_DPD_SUM
578,1351,INSTAL_AMT_INSTALMENT_SUM
579,1354,INSTAL_DAYS_ENTRY_PAYMENT_SUM
580,1369,INSTAL_DAYS_ENTRY_PAYMENT_MEAN
581,1390,POS_MONTHS_BALANCE_SIZE
582,1422,INSTAL_AMT_INSTALMENT_MAX
583,1441,PREV_APP_CREDIT_PERC_MIN
584,1444,INSTAL_PAYMENT_DIFF_MEAN
585,1450,PREV_APP_CREDIT_DIFF_MAX
586,1459,PREV_DAYS_DECISION_MEAN
587,1473,PREV_APP_CREDIT_PERC_VAR
588,1484,INSTAL_AMT_PAYMENT_MEAN
589,1491,AMT_INCOME_TOTAL
590,1494,PREV_DAYS_LAST_DUE_MEAN
591,1518,PREV_AMT_GOODS_PRICE_MIN
592,1532,BUREAU_AMT_CREDIT_SUM_DEBT_SUM
593,1601,PREV_AMT_ANNUITY_MEAN
594,1609,INSTAL_DPD_VAR
595,1645,PREV_APP_CREDIT_PERC_MEAN
596,1678,INSTAL_AMT_INSTALMENT_MIN
597,1707,PREV_AMT_ANNUITY_MIN
598,1719,INSTAL_PAYMENT_PERC_MEAN
599,1725,PREV_DAYS_LAST_DUE_1ST_VERSION_MEAN
600,1751,BUREAU_DAYS_CREDIT_MIN
601,1801,INSTAL_AMT_PAYMENT_SUM
602,1819,BUREAU_AMT_CREDIT_SUM_DEBT_MEAN
603,1838,BUREAU_AMT_CREDIT_SUM_MAX
604,1844,PREV_DAYS_DECISION_MAX
605,1905,BUREAU_DAYS_CREDIT_ENDDATE_MIN
606,1935,PREV_HOUR_APPR_PROCESS_START_MEAN
607,1942,AMT_GOODS_PRICE
608,1942,BUREAU_DAYS_CREDIT_MEAN
609,1962,BUREAU_DAYS_CREDIT_UPDATE_MEAN
610,1965,INCOME_PER_PERSON
611,1994,INSTAL_AMT_PAYMENT_MIN
612,2013,BUREAU_AMT_CREDIT_SUM_MEAN
613,2032,INSTAL_DAYS_ENTRY_PAYMENT_MAX
614,2045,INSTAL_DBD_MAX
615,2069,BUREAU_AMT_CREDIT_SUM_SUM
616,2101,AMT_CREDIT
617,2107,PREV_CNT_PAYMENT_MEAN
618,2136,INSTAL_DPD_MAX
619,2274,REGION_POPULATION_RELATIVE
620,2303,DAYS_LAST_PHONE_CHANGE
621,2328,DAYS_EMPLOYED_PERCENT
622,2359,INCOME_CREDIT_PERCENT
623,2401,PREV_DAYS_LAST_DUE_MAX
624,2679,DAYS_EMPLOYED
625,2881,ANNUITY_INCOME_PERCENT
626,2895,BUREAU_DAYS_CREDIT_ENDDATE_MAX
627,2954,GOOD_PRICE_CREDIT_RATIO
628,3126,BUREAU_DAYS_CREDIT_MAX
629,3306,DAYS_REGISTRATION
630,3357,PREV_DAYS_LAST_DUE_1ST_VERSION_MAX
631,3512,AMT_ANNUITY
632,3523,DAYS_ID_PUBLISH
633,4667,EXT_SOURCE_3
634,4695,DAYS_BIRTH
635,4907,EXT_SOURCE_2
636,4984,EXT_SOURCE_1
637,5100,PAYMENT_RATE
